item_uri,formatted_chart_title,formatted_table_title,member_id,period,subscription_start,subscription_end,metric,score
thompson-francis-thompsons-works,"*Works of Francis Thompson*,<br> Francis Thompson",Works of Francis Thompson by  Francis Thompson,hemingway-ernest,1924-03-28/1925-03-28,1924-03-28,1925-03-28,euclidean,1.0
kirchwey-nation,"*The Nation*,<br>(Periodical)",The Nation by (Periodical),hemingway-ernest,1921-12-28/1922-11-08,1921-12-28,1922-11-08,cosine,1.0
dickens-david-copperfield,"*David Copperfield*,<br> Charles Dickens",David Copperfield by  Charles Dickens,hemingway-ernest,1924-03-28/1925-03-28,1924-03-28,1925-03-28,pearson,0.9999999999999999
richmond-times-literary-supplement,"*The Times Literary Supplement*,<br>(Periodical)",The Times Literary Supplement by (Periodical),hemingway-ernest,1921-12-28/1922-11-08,1921-12-28,1922-11-08,euclidean,0.9857142857142855
kirchwey-nation,"*The Nation*,<br>(Periodical)",The Nation by (Periodical),hemingway-ernest,1921-12-28/1922-11-08,1921-12-28,1922-11-08,euclidean,0.6476725521669342
mencken-american-mercury,"*The American Mercury*,<br>(Periodical)",The American Mercury by (Periodical),hemingway-ernest,1924-03-28/1925-03-28,1924-03-28,1925-03-28,euclidean,0.6428571428571428
carritt-theory-beauty,"*The Theory of Beauty*,<br> E. F. Carritt",The Theory of Beauty by  E. F. Carritt,hemingway-ernest,1924-03-28/1925-03-28,1924-03-28,1925-03-28,euclidean,0.6428571428571428
criterion,"*The Criterion*,<br>(Periodical)",The Criterion by (Periodical),hemingway-ernest,1924-03-28/1925-03-28,1924-03-28,1925-03-28,euclidean,0.6318114874815904
thompson-francis-thompsons-works,"*Works of Francis Thompson*,<br> Francis Thompson",Works of Francis Thompson by  Francis Thompson,hemingway-ernest,1924-03-28/1925-03-28,1924-03-28,1925-03-28,cosine,0.5697213423070114
richmond-times-literary-supplement,"*The Times Literary Supplement*,<br>(Periodical)",The Times Literary Supplement by (Periodical),hemingway-ernest,1921-12-28/1922-11-08,1921-12-28,1922-11-08,cosine,0.5670853524309141
mencken-american-mercury,"*The American Mercury*,<br>(Periodical)",The American Mercury by (Periodical),hemingway-ernest,1924-03-28/1925-03-28,1924-03-28,1925-03-28,cosine,0.563211856731424
squire-london-mercury,"*The London Mercury*,<br>(Periodical)",The London Mercury by (Periodical),hemingway-ernest,1921-12-28/1922-11-08,1921-12-28,1922-11-08,euclidean,0.4894268491053487
george-bed-roses,"*A Bed of Roses*,<br> Walter Lionel George",A Bed of Roses by  Walter Lionel George,hemingway-ernest,1924-03-28/1925-03-28,1924-03-28,1925-03-28,euclidean,0.42857142857142855
snaith-van-roon,"*The Van Roon*,<br> J. C. Snaith",The Van Roon by  J. C. Snaith,hemingway-ernest,1924-03-28/1925-03-28,1924-03-28,1925-03-28,euclidean,0.42857142857142855
smollett-adventures-roderick-random,"*The Adventures of Roderick Random*,<br> Tobias Smollett",The Adventures of Roderick Random by  Tobias Smollett,hemingway-ernest,1924-03-28/1925-03-28,1924-03-28,1925-03-28,euclidean,0.42857142857142855
corkery-threshold-quiet,"*The Threshold of Quiet*,<br> Daniel Corkery",The Threshold of Quiet by  Daniel Corkery,hemingway-ernest,1924-03-28/1925-03-28,1924-03-28,1925-03-28,euclidean,0.42857142857142855
wright-life-walter-pater,"*The Life of Walter Pater*,<br> Thomas Wright",The Life of Walter Pater by  Thomas Wright,hemingway-ernest,1921-12-28/1922-11-08,1921-12-28,1922-11-08,euclidean,0.42857142857142855
moore-avowals,"*Avowals*,<br> George Moore",Avowals by  George Moore,hemingway-ernest,1924-03-28/1925-03-28,1924-03-28,1925-03-28,euclidean,0.42857142857142855
white-gold,"*Gold*,<br> Stewart Edward White",Gold by  Stewart Edward White,hemingway-ernest,1924-03-28/1925-03-28,1924-03-28,1925-03-28,euclidean,0.42857142857142855
lindsay-daniel-jazz-poems,"*The Daniel Jazz and Other Poems*,<br> Vachel Lindsay",The Daniel Jazz and Other Poems by  Vachel Lindsay,hemingway-ernest,1921-12-28/1922-11-08,1921-12-28,1922-11-08,euclidean,0.42857142857142855
galsworthy-villa-rubein,"*Villa Rubein*,<br> John Galsworthy",Villa Rubein by  John Galsworthy,hemingway-ernest,1924-03-28/1925-03-28,1924-03-28,1925-03-28,euclidean,0.42857142857142855
twain-mark-twains-autobiography,"*Mark Twain's Autobiography*,<br> Mark Twain",Mark Twain's Autobiography by  Mark Twain,hemingway-ernest,1924-03-28/1925-03-28,1924-03-28,1925-03-28,euclidean,0.42857142857142855
picked-company,"*A Picked Company*,<br>(Periodical)",A Picked Company by (Periodical),hemingway-ernest,1921-12-28/1922-11-08,1921-12-28,1922-11-08,euclidean,0.42857142857142855
dostoyevsky-eternal-husband-stories,"*The Eternal Husband and Other Stories*,<br> Fyodor Dostoyevsky",The Eternal Husband and Other Stories by  Fyodor Dostoyevsky,hemingway-ernest,1924-03-28/1925-03-28,1924-03-28,1925-03-28,euclidean,0.42857142857142855
shakespeare-shakespeare,"*Shakespeare*,<br> William Shakespeare",Shakespeare by  William Shakespeare,hemingway-ernest,1921-12-28/1922-11-08,1921-12-28,1922-11-08,euclidean,0.42857142857142855
thoreau-essays-writings-henry,"*Essays and Other Writings of Henry Thoreau*,<br> Henry David Thoreau",Essays and Other Writings of Henry Thoreau by  Henry David Thoreau,hemingway-ernest,1924-03-28/1925-03-28,1924-03-28,1925-03-28,euclidean,0.42857142857142855
abercrombie-thomas-hardy-critical,"*Thomas Hardy: A Critical Study*,<br> Lascelles Abercrombie",Thomas Hardy: A Critical Study by  Lascelles Abercrombie,hemingway-ernest,1921-12-28/1922-11-08,1921-12-28,1922-11-08,euclidean,0.42857142857142855
mencken-book-burlesques,"*A Book of Burlesques*,<br> H. L. Mencken",A Book of Burlesques by  H. L. Mencken,hemingway-ernest,1924-03-28/1925-03-28,1924-03-28,1925-03-28,euclidean,0.42857142857142855
chesterton-things-considered,"*All Things Considered*,<br> G. K. Chesterton",All Things Considered by  G. K. Chesterton,hemingway-ernest,1924-03-28/1925-03-28,1924-03-28,1925-03-28,euclidean,0.42857142857142855
wells-washington-hope-peace,"*Washington and the Hope of Peace*,<br> H. G. Wells",Washington and the Hope of Peace by  H. G. Wells,hemingway-ernest,1921-12-28/1922-11-08,1921-12-28,1922-11-08,euclidean,0.42857142857142855
morris-specimens-early-english,"*Specimens of Early English*,<br>(Periodical)",Specimens of Early English by (Periodical),hemingway-ernest,1921-12-28/1922-11-08,1921-12-28,1922-11-08,euclidean,0.42857142857142855
jones-samuel-butler,"*Samuel Butler*,<br> Henry Festing Jones",Samuel Butler by  Henry Festing Jones,hemingway-ernest,1921-12-28/1922-11-08,1921-12-28,1922-11-08,euclidean,0.42857142857142855
jameson-clash,"*The Clash*,<br> Storm Jameson",The Clash by  Storm Jameson,hemingway-ernest,1921-12-28/1922-11-08,1921-12-28,1922-11-08,euclidean,0.42857142857142855
byron-lord-byrons-correspondence,"*Lord Byron's Correspondence*,<br> George Gordon Byron Byron",Lord Byron's Correspondence by  George Gordon Byron Byron,hemingway-ernest,1924-03-28/1925-03-28,1924-03-28,1925-03-28,euclidean,0.42857142857142855
austen-lady-susan,"*Lady Susan*,<br> Jane Austen",Lady Susan by  Jane Austen,hemingway-ernest,1924-03-28/1925-03-28,1924-03-28,1925-03-28,euclidean,0.42857142857142855
howells,"*Howells*,<br>(Periodical)",Howells by (Periodical),hemingway-ernest,1921-12-28/1922-11-08,1921-12-28,1922-11-08,euclidean,0.42857142857142855
bell-since-cezanne,"*Since Cézanne*,<br> Clive Bell",Since Cézanne by  Clive Bell,hemingway-ernest,1921-12-28/1922-11-08,1921-12-28,1922-11-08,euclidean,0.42857142857142855
swinnerton-george-gissing-critical,"*George Gissing: A Critical Study*,<br> Frank Swinnerton",George Gissing: A Critical Study by  Frank Swinnerton,hemingway-ernest,1921-12-28/1922-11-08,1921-12-28,1922-11-08,euclidean,0.42857142857142855
carritt-theory-beauty,"*The Theory of Beauty*,<br> E. F. Carritt",The Theory of Beauty by  E. F. Carritt,hemingway-ernest,1924-03-28/1925-03-28,1924-03-28,1925-03-28,cosine,0.4281512185584556
criterion,"*The Criterion*,<br>(Periodical)",The Criterion by (Periodical),hemingway-ernest,1924-03-28/1925-03-28,1924-03-28,1925-03-28,cosine,0.4171148339357547
carr-philosophy-benedetto-croce,"*The Philosophy of Benedetto Croce: The Problem of Art and History*,<br> Herbert Wildon Carr",The Philosophy of Benedetto Croce: The Problem of Art and History by  Herbert Wildon Carr,hemingway-ernest,1924-03-28/1925-03-28,1924-03-28,1925-03-28,euclidean,0.40909090909090906
wharton-house-mirth,"*The House of Mirth*,<br> Edith Wharton",The House of Mirth by  Edith Wharton,hemingway-ernest,1924-03-28/1925-03-28,1924-03-28,1925-03-28,euclidean,0.40909090909090906
babbitt-criticism-america-function,"*Criticism in America: Its Function and Status*,<br>(Periodical)",Criticism in America: Its Function and Status by (Periodical),hemingway-ernest,1924-03-28/1925-03-28,1924-03-28,1925-03-28,euclidean,0.40909090909090906
ingram-true-chatterton-new,"*The True Chatterton: A New Study from Original Documents*,<br> John Henry Ingram",The True Chatterton: A New Study from Original Documents by  John Henry Ingram,hemingway-ernest,1924-03-28/1925-03-28,1924-03-28,1925-03-28,euclidean,0.39795918367346933
shaw-unsocial-socialist,"*An Unsocial Socialist*,<br> George Bernard Shaw",An Unsocial Socialist by  George Bernard Shaw,hemingway-ernest,1921-12-28/1922-11-08,1921-12-28,1922-11-08,euclidean,0.39285714285714285
percy-bysshe-shelley,"*Percy Bysshe Shelley*,<br>(Periodical)",Percy Bysshe Shelley by (Periodical),hemingway-ernest,1921-12-28/1922-11-08,1921-12-28,1922-11-08,euclidean,0.39285714285714285
goethe,"*Goethe*,<br>(Periodical)",Goethe by (Periodical),hemingway-ernest,1924-03-28/1925-03-28,1924-03-28,1925-03-28,euclidean,0.39285714285714285
graves-english-poetry-irregular,"*On English Poetry: Being an Irregular Approach to the Psychology of This Art, from Evidence Mainly Subjective*,<br> Robert Graves","On English Poetry: Being an Irregular Approach to the Psychology of This Art, from Evidence Mainly Subjective by  Robert Graves",hemingway-ernest,1924-03-28/1925-03-28,1924-03-28,1925-03-28,euclidean,0.39041095890410954
pound-instigations-ezra-pound,"*Instigations of Ezra Pound: Together with an Essay on the Chinese Written Character, by Ernest Fenollosa*,<br> Ernest  Ezra;Fenollosa Pound","Instigations of Ezra Pound: Together with an Essay on the Chinese Written Character, by Ernest Fenollosa by  Ernest  Ezra;Fenollosa Pound",hemingway-ernest,1921-12-28/1922-11-08,1921-12-28,1922-11-08,euclidean,0.3857142857142857
gogol-overcoat-stories,"*The Overcoat and Other Stories*,<br> Nikolai Gogol",The Overcoat and Other Stories by  Nikolai Gogol,hemingway-ernest,1924-03-28/1925-03-28,1924-03-28,1925-03-28,euclidean,0.37912087912087905
swinnerton-casement,"*The Casement*,<br> Frank Swinnerton",The Casement by  Frank Swinnerton,hemingway-ernest,1924-03-28/1925-03-28,1924-03-28,1925-03-28,euclidean,0.375
fielding-history-tom-jones,"*The History of Tom Jones, a Foundling*,<br> Henry Fielding","The History of Tom Jones, a Foundling by  Henry Fielding",hemingway-ernest,1921-12-28/1922-11-08,1921-12-28,1922-11-08,euclidean,0.37499999999999994
dane-wandering-stars,"*Wandering Stars*,<br> Clemence Dane",Wandering Stars by  Clemence Dane,hemingway-ernest,1924-03-28/1925-03-28,1924-03-28,1925-03-28,euclidean,0.3673469387755102
squire-london-mercury,"*The London Mercury*,<br>(Periodical)",The London Mercury by (Periodical),hemingway-ernest,1921-12-28/1922-11-08,1921-12-28,1922-11-08,cosine,0.36500416159292964
oscar-wilde,"*Oscar Wilde*,<br>(Periodical)",Oscar Wilde by (Periodical),hemingway-ernest,1921-12-28/1922-11-08,1921-12-28,1922-11-08,euclidean,0.36335403726708076
morris-specimens-early-english,"*Specimens of Early English*,<br>(Periodical)",Specimens of Early English by (Periodical),hemingway-ernest,1921-12-28/1922-11-08,1921-12-28,1922-11-08,cosine,0.359062520432984
cather-one,"*One of Ours*,<br> Willa Cather",One of Ours by  Willa Cather,hemingway-ernest,1924-03-28/1925-03-28,1924-03-28,1925-03-28,euclidean,0.35714285714285715
corkery-munster-twilight,"*A Munster Twilight*,<br> Daniel Corkery",A Munster Twilight by  Daniel Corkery,hemingway-ernest,1924-03-28/1925-03-28,1924-03-28,1925-03-28,euclidean,0.35714285714285715
moore-avowals,"*Avowals*,<br> George Moore",Avowals by  George Moore,hemingway-ernest,1924-03-28/1925-03-28,1924-03-28,1925-03-28,cosine,0.35421678374404975
mencken-american-language,"*The American Language*,<br> H. L. Mencken",The American Language by  H. L. Mencken,hemingway-ernest,1921-12-28/1922-11-08,1921-12-28,1922-11-08,euclidean,0.3482142857142857
rhys-rabindranath-tagore-biographical,"*Rabindranath Tagore: A Biographical Study*,<br> Ernest Rhys",Rabindranath Tagore: A Biographical Study by  Ernest Rhys,hemingway-ernest,1921-12-28/1922-11-08,1921-12-28,1922-11-08,euclidean,0.3214285714285714
nock-freeman,"*The Freeman*,<br>(Periodical)",The Freeman by (Periodical),hemingway-ernest,1921-12-28/1922-11-08,1921-12-28,1922-11-08,euclidean,0.3214285714285714
fitzgerald-side-paradise,"*This Side of Paradise*,<br> F. Scott Fitzgerald",This Side of Paradise by  F. Scott Fitzgerald,hemingway-ernest,1921-12-28/1922-11-08,1921-12-28,1922-11-08,euclidean,0.3214285714285714
chesterton-heretics,"*Heretics*,<br> G. K. Chesterton",Heretics by  G. K. Chesterton,hemingway-ernest,1921-12-28/1922-11-08,1921-12-28,1922-11-08,euclidean,0.3214285714285714
sinnett-growth-soul,"*The Growth of the Soul*,<br> A. P. Sinnett",The Growth of the Soul by  A. P. Sinnett,hemingway-ernest,1921-12-28/1922-11-08,1921-12-28,1922-11-08,euclidean,0.3214285714285714
du-bois-darkwater,"*Darkwater: Voices from within the Veil*,<br> W. E. B. Du Bois",Darkwater: Voices from within the Veil by  W. E. B. Du Bois,hemingway-ernest,1921-12-28/1922-11-08,1921-12-28,1922-11-08,euclidean,0.3214285714285714
stevenson-virginibus-puerisque-papers,"*Virginibus Puerisque and Other Papers*,<br> Robert Louis Stevenson",Virginibus Puerisque and Other Papers by  Robert Louis Stevenson,hemingway-ernest,1921-12-28/1922-11-08,1921-12-28,1922-11-08,euclidean,0.3214285714285714
eastman-enjoyment-poetry,"*Enjoyment of Poetry*,<br> Max Eastman",Enjoyment of Poetry by  Max Eastman,hemingway-ernest,1921-12-28/1922-11-08,1921-12-28,1922-11-08,euclidean,0.31318681318681313
dunsany-fifty-one-tales,"*Fifty-One Tales*,<br> Lord Dunsany",Fifty-One Tales by  Lord Dunsany,hemingway-ernest,1921-12-28/1922-11-08,1921-12-28,1922-11-08,euclidean,0.31318681318681313
criterion,"*The Criterion*,<br>(Periodical)",The Criterion by (Periodical),hemingway-ernest,1924-03-28/1925-03-28,1924-03-28,1925-03-28,pearson,0.29496641369923426
cather-one,"*One of Ours*,<br> Willa Cather",One of Ours by  Willa Cather,hemingway-ernest,1924-03-28/1925-03-28,1924-03-28,1925-03-28,cosine,0.2856467069580804
twain-mark-twains-autobiography,"*Mark Twain's Autobiography*,<br> Mark Twain",Mark Twain's Autobiography by  Mark Twain,hemingway-ernest,1924-03-28/1925-03-28,1924-03-28,1925-03-28,cosine,0.2854341457056371
white-gold,"*Gold*,<br> Stewart Edward White",Gold by  Stewart Edward White,hemingway-ernest,1924-03-28/1925-03-28,1924-03-28,1925-03-28,cosine,0.2854341457056371
lindsay-daniel-jazz-poems,"*The Daniel Jazz and Other Poems*,<br> Vachel Lindsay",The Daniel Jazz and Other Poems by  Vachel Lindsay,hemingway-ernest,1921-12-28/1922-11-08,1921-12-28,1922-11-08,cosine,0.2854341457056371
wells-washington-hope-peace,"*Washington and the Hope of Peace*,<br> H. G. Wells",Washington and the Hope of Peace by  H. G. Wells,hemingway-ernest,1921-12-28/1922-11-08,1921-12-28,1922-11-08,cosine,0.2854341457056371
wright-life-walter-pater,"*The Life of Walter Pater*,<br> Thomas Wright",The Life of Walter Pater by  Thomas Wright,hemingway-ernest,1921-12-28/1922-11-08,1921-12-28,1922-11-08,cosine,0.2854341457056371
thoreau-essays-writings-henry,"*Essays and Other Writings of Henry Thoreau*,<br> Henry David Thoreau",Essays and Other Writings of Henry Thoreau by  Henry David Thoreau,hemingway-ernest,1924-03-28/1925-03-28,1924-03-28,1925-03-28,cosine,0.2854341457056371
galsworthy-villa-rubein,"*Villa Rubein*,<br> John Galsworthy",Villa Rubein by  John Galsworthy,hemingway-ernest,1924-03-28/1925-03-28,1924-03-28,1925-03-28,cosine,0.2854341457056371
chesterton-things-considered,"*All Things Considered*,<br> G. K. Chesterton",All Things Considered by  G. K. Chesterton,hemingway-ernest,1924-03-28/1925-03-28,1924-03-28,1925-03-28,cosine,0.2854341457056371
corkery-threshold-quiet,"*The Threshold of Quiet*,<br> Daniel Corkery",The Threshold of Quiet by  Daniel Corkery,hemingway-ernest,1924-03-28/1925-03-28,1924-03-28,1925-03-28,cosine,0.2854341457056371
dostoyevsky-eternal-husband-stories,"*The Eternal Husband and Other Stories*,<br> Fyodor Dostoyevsky",The Eternal Husband and Other Stories by  Fyodor Dostoyevsky,hemingway-ernest,1924-03-28/1925-03-28,1924-03-28,1925-03-28,cosine,0.2854341457056371
bell-since-cezanne,"*Since Cézanne*,<br> Clive Bell",Since Cézanne by  Clive Bell,hemingway-ernest,1921-12-28/1922-11-08,1921-12-28,1922-11-08,cosine,0.2854341457056371
mencken-book-burlesques,"*A Book of Burlesques*,<br> H. L. Mencken",A Book of Burlesques by  H. L. Mencken,hemingway-ernest,1924-03-28/1925-03-28,1924-03-28,1925-03-28,cosine,0.2854341457056371
picked-company,"*A Picked Company*,<br>(Periodical)",A Picked Company by (Periodical),hemingway-ernest,1921-12-28/1922-11-08,1921-12-28,1922-11-08,cosine,0.2854341457056371
jones-samuel-butler,"*Samuel Butler*,<br> Henry Festing Jones",Samuel Butler by  Henry Festing Jones,hemingway-ernest,1921-12-28/1922-11-08,1921-12-28,1922-11-08,cosine,0.2854341457056371
abercrombie-thomas-hardy-critical,"*Thomas Hardy: A Critical Study*,<br> Lascelles Abercrombie",Thomas Hardy: A Critical Study by  Lascelles Abercrombie,hemingway-ernest,1921-12-28/1922-11-08,1921-12-28,1922-11-08,cosine,0.2854341457056371
george-bed-roses,"*A Bed of Roses*,<br> Walter Lionel George",A Bed of Roses by  Walter Lionel George,hemingway-ernest,1924-03-28/1925-03-28,1924-03-28,1925-03-28,cosine,0.2854341457056371
byron-lord-byrons-correspondence,"*Lord Byron's Correspondence*,<br> George Gordon Byron Byron",Lord Byron's Correspondence by  George Gordon Byron Byron,hemingway-ernest,1924-03-28/1925-03-28,1924-03-28,1925-03-28,cosine,0.2854341457056371
austen-lady-susan,"*Lady Susan*,<br> Jane Austen",Lady Susan by  Jane Austen,hemingway-ernest,1924-03-28/1925-03-28,1924-03-28,1925-03-28,cosine,0.2854341457056371
howells,"*Howells*,<br>(Periodical)",Howells by (Periodical),hemingway-ernest,1921-12-28/1922-11-08,1921-12-28,1922-11-08,cosine,0.2854341457056371
smollett-adventures-roderick-random,"*The Adventures of Roderick Random*,<br> Tobias Smollett",The Adventures of Roderick Random by  Tobias Smollett,hemingway-ernest,1924-03-28/1925-03-28,1924-03-28,1925-03-28,cosine,0.2854341457056371
snaith-van-roon,"*The Van Roon*,<br> J. C. Snaith",The Van Roon by  J. C. Snaith,hemingway-ernest,1924-03-28/1925-03-28,1924-03-28,1925-03-28,cosine,0.2854341457056371
jameson-clash,"*The Clash*,<br> Storm Jameson",The Clash by  Storm Jameson,hemingway-ernest,1921-12-28/1922-11-08,1921-12-28,1922-11-08,cosine,0.2854341457056371
swinnerton-george-gissing-critical,"*George Gissing: A Critical Study*,<br> Frank Swinnerton",George Gissing: A Critical Study by  Frank Swinnerton,hemingway-ernest,1921-12-28/1922-11-08,1921-12-28,1922-11-08,cosine,0.2854341457056371
shakespeare-shakespeare,"*Shakespeare*,<br> William Shakespeare",Shakespeare by  William Shakespeare,hemingway-ernest,1921-12-28/1922-11-08,1921-12-28,1922-11-08,cosine,0.2853047064158075
dickens-david-copperfield,"*David Copperfield*,<br> Charles Dickens",David Copperfield by  Charles Dickens,hemingway-ernest,1924-03-28/1925-03-28,1924-03-28,1925-03-28,euclidean,0.26785714285714285
pound-instigations-ezra-pound,"*Instigations of Ezra Pound: Together with an Essay on the Chinese Written Character, by Ernest Fenollosa*,<br> Ernest  Ezra;Fenollosa Pound","Instigations of Ezra Pound: Together with an Essay on the Chinese Written Character, by Ernest Fenollosa by  Ernest  Ezra;Fenollosa Pound",hemingway-ernest,1921-12-28/1922-11-08,1921-12-28,1922-11-08,cosine,0.23866406654060593
oscar-wilde,"*Oscar Wilde*,<br>(Periodical)",Oscar Wilde by (Periodical),hemingway-ernest,1921-12-28/1922-11-08,1921-12-28,1922-11-08,cosine,0.2289567567345049
fielding-history-tom-jones,"*The History of Tom Jones, a Foundling*,<br> Henry Fielding","The History of Tom Jones, a Foundling by  Henry Fielding",hemingway-ernest,1921-12-28/1922-11-08,1921-12-28,1922-11-08,cosine,0.22842480454491745
shaw-unsocial-socialist,"*An Unsocial Socialist*,<br> George Bernard Shaw",An Unsocial Socialist by  George Bernard Shaw,hemingway-ernest,1921-12-28/1922-11-08,1921-12-28,1922-11-08,cosine,0.2161122415208401
wharton-house-mirth,"*The House of Mirth*,<br> Edith Wharton",The House of Mirth by  Edith Wharton,hemingway-ernest,1924-03-28/1925-03-28,1924-03-28,1925-03-28,cosine,0.21487140554268616
corkery-munster-twilight,"*A Munster Twilight*,<br> Daniel Corkery",A Munster Twilight by  Daniel Corkery,hemingway-ernest,1924-03-28/1925-03-28,1924-03-28,1925-03-28,cosine,0.21425351668819262
percy-bysshe-shelley,"*Percy Bysshe Shelley*,<br>(Periodical)",Percy Bysshe Shelley by (Periodical),hemingway-ernest,1921-12-28/1922-11-08,1921-12-28,1922-11-08,cosine,0.21425301020775464
rhys-rabindranath-tagore-biographical,"*Rabindranath Tagore: A Biographical Study*,<br> Ernest Rhys",Rabindranath Tagore: A Biographical Study by  Ernest Rhys,hemingway-ernest,1921-12-28/1922-11-08,1921-12-28,1922-11-08,cosine,0.2142319535960239
fitzgerald-side-paradise,"*This Side of Paradise*,<br> F. Scott Fitzgerald",This Side of Paradise by  F. Scott Fitzgerald,hemingway-ernest,1921-12-28/1922-11-08,1921-12-28,1922-11-08,cosine,0.2140438385542125
babbitt-criticism-america-function,"*Criticism in America: Its Function and Status*,<br>(Periodical)",Criticism in America: Its Function and Status by (Periodical),hemingway-ernest,1924-03-28/1925-03-28,1924-03-28,1925-03-28,cosine,0.21404135539492644
carr-philosophy-benedetto-croce,"*The Philosophy of Benedetto Croce: The Problem of Art and History*,<br> Herbert Wildon Carr",The Philosophy of Benedetto Croce: The Problem of Art and History by  Herbert Wildon Carr,hemingway-ernest,1924-03-28/1925-03-28,1924-03-28,1925-03-28,cosine,0.21404135539492644
kirchwey-nation,"*The Nation*,<br>(Periodical)",The Nation by (Periodical),hemingway-ernest,1921-12-28/1922-11-08,1921-12-28,1922-11-08,pearson,0.2140237986103612
du-bois-darkwater,"*Darkwater: Voices from within the Veil*,<br> W. E. B. Du Bois",Darkwater: Voices from within the Veil by  W. E. B. Du Bois,hemingway-ernest,1921-12-28/1922-11-08,1921-12-28,1922-11-08,cosine,0.2139894768283807
stevenson-virginibus-puerisque-papers,"*Virginibus Puerisque and Other Papers*,<br> Robert Louis Stevenson",Virginibus Puerisque and Other Papers by  Robert Louis Stevenson,hemingway-ernest,1921-12-28/1922-11-08,1921-12-28,1922-11-08,cosine,0.213894987514974
goethe,"*Goethe*,<br>(Periodical)",Goethe by (Periodical),hemingway-ernest,1924-03-28/1925-03-28,1924-03-28,1925-03-28,cosine,0.21380762086587451
nock-freeman,"*The Freeman*,<br>(Periodical)",The Freeman by (Periodical),hemingway-ernest,1921-12-28/1922-11-08,1921-12-28,1922-11-08,cosine,0.2136965918265082
graves-english-poetry-irregular,"*On English Poetry: Being an Irregular Approach to the Psychology of This Art, from Evidence Mainly Subjective*,<br> Robert Graves","On English Poetry: Being an Irregular Approach to the Psychology of This Art, from Evidence Mainly Subjective by  Robert Graves",hemingway-ernest,1924-03-28/1925-03-28,1924-03-28,1925-03-28,cosine,0.21369224743704024
swinnerton-casement,"*The Casement*,<br> Frank Swinnerton",The Casement by  Frank Swinnerton,hemingway-ernest,1924-03-28/1925-03-28,1924-03-28,1925-03-28,cosine,0.21365646488642595
dane-wandering-stars,"*Wandering Stars*,<br> Clemence Dane",Wandering Stars by  Clemence Dane,hemingway-ernest,1924-03-28/1925-03-28,1924-03-28,1925-03-28,cosine,0.21362410436100898
ingram-true-chatterton-new,"*The True Chatterton: A New Study from Original Documents*,<br> John Henry Ingram",The True Chatterton: A New Study from Original Documents by  John Henry Ingram,hemingway-ernest,1924-03-28/1925-03-28,1924-03-28,1925-03-28,cosine,0.21357051830129872
gogol-overcoat-stories,"*The Overcoat and Other Stories*,<br> Nikolai Gogol",The Overcoat and Other Stories by  Nikolai Gogol,hemingway-ernest,1924-03-28/1925-03-28,1924-03-28,1925-03-28,cosine,0.19091097235236193
chesterton-heretics,"*Heretics*,<br> G. K. Chesterton",Heretics by  G. K. Chesterton,hemingway-ernest,1921-12-28/1922-11-08,1921-12-28,1922-11-08,cosine,0.19062223160705152
mencken-american-language,"*The American Language*,<br> H. L. Mencken",The American Language by  H. L. Mencken,hemingway-ernest,1921-12-28/1922-11-08,1921-12-28,1922-11-08,cosine,0.19048065834378775
sinnett-growth-soul,"*The Growth of the Soul*,<br> A. P. Sinnett",The Growth of the Soul by  A. P. Sinnett,hemingway-ernest,1921-12-28/1922-11-08,1921-12-28,1922-11-08,cosine,0.19038458053107862
eastman-enjoyment-poetry,"*Enjoyment of Poetry*,<br> Max Eastman",Enjoyment of Poetry by  Max Eastman,hemingway-ernest,1921-12-28/1922-11-08,1921-12-28,1922-11-08,cosine,0.19015008493422908
dunsany-fifty-one-tales,"*Fifty-One Tales*,<br> Lord Dunsany",Fifty-One Tales by  Lord Dunsany,hemingway-ernest,1921-12-28/1922-11-08,1921-12-28,1922-11-08,cosine,0.19007779005661957
dickens-david-copperfield,"*David Copperfield*,<br> Charles Dickens",David Copperfield by  Charles Dickens,hemingway-ernest,1924-03-28/1925-03-28,1924-03-28,1925-03-28,cosine,0.17871792267964876
mencken-american-mercury,"*The American Mercury*,<br>(Periodical)",The American Mercury by (Periodical),hemingway-ernest,1924-03-28/1925-03-28,1924-03-28,1925-03-28,pearson,0.13183727907326942
thompson-francis-thompsons-works,"*Works of Francis Thompson*,<br> Francis Thompson",Works of Francis Thompson by  Francis Thompson,hemingway-ernest,1924-03-28/1925-03-28,1924-03-28,1925-03-28,pearson,0.07378784406435185
moore-avowals,"*Avowals*,<br> George Moore",Avowals by  George Moore,hemingway-ernest,1924-03-28/1925-03-28,1924-03-28,1925-03-28,pearson,0.062249412996616876
squire-london-mercury,"*The London Mercury*,<br>(Periodical)",The London Mercury by (Periodical),hemingway-ernest,1921-12-28/1922-11-08,1921-12-28,1922-11-08,pearson,0.061052865444092365
carritt-theory-beauty,"*The Theory of Beauty*,<br> E. F. Carritt",The Theory of Beauty by  E. F. Carritt,hemingway-ernest,1924-03-28/1925-03-28,1924-03-28,1925-03-28,pearson,0.05930929374099561
oscar-wilde,"*Oscar Wilde*,<br>(Periodical)",Oscar Wilde by (Periodical),hemingway-ernest,1921-12-28/1922-11-08,1921-12-28,1922-11-08,pearson,0.05413838775030668
cather-one,"*One of Ours*,<br> Willa Cather",One of Ours by  Willa Cather,hemingway-ernest,1924-03-28/1925-03-28,1924-03-28,1925-03-28,pearson,0.051659971391538995
dane-wandering-stars,"*Wandering Stars*,<br> Clemence Dane",Wandering Stars by  Clemence Dane,hemingway-ernest,1924-03-28/1925-03-28,1924-03-28,1925-03-28,pearson,0.04062198920783439
wright-life-walter-pater,"*The Life of Walter Pater*,<br> Thomas Wright",The Life of Walter Pater by  Thomas Wright,hemingway-ernest,1921-12-28/1922-11-08,1921-12-28,1922-11-08,pearson,0.039539529160663736
snaith-van-roon,"*The Van Roon*,<br> J. C. Snaith",The Van Roon by  J. C. Snaith,hemingway-ernest,1924-03-28/1925-03-28,1924-03-28,1925-03-28,pearson,0.039539529160663736
smollett-adventures-roderick-random,"*The Adventures of Roderick Random*,<br> Tobias Smollett",The Adventures of Roderick Random by  Tobias Smollett,hemingway-ernest,1924-03-28/1925-03-28,1924-03-28,1925-03-28,pearson,0.039539529160663736
swinnerton-george-gissing-critical,"*George Gissing: A Critical Study*,<br> Frank Swinnerton",George Gissing: A Critical Study by  Frank Swinnerton,hemingway-ernest,1921-12-28/1922-11-08,1921-12-28,1922-11-08,pearson,0.039539529160663736
corkery-threshold-quiet,"*The Threshold of Quiet*,<br> Daniel Corkery",The Threshold of Quiet by  Daniel Corkery,hemingway-ernest,1924-03-28/1925-03-28,1924-03-28,1925-03-28,pearson,0.039539529160663736
dostoyevsky-eternal-husband-stories,"*The Eternal Husband and Other Stories*,<br> Fyodor Dostoyevsky",The Eternal Husband and Other Stories by  Fyodor Dostoyevsky,hemingway-ernest,1924-03-28/1925-03-28,1924-03-28,1925-03-28,pearson,0.039539529160663736
chesterton-things-considered,"*All Things Considered*,<br> G. K. Chesterton",All Things Considered by  G. K. Chesterton,hemingway-ernest,1924-03-28/1925-03-28,1924-03-28,1925-03-28,pearson,0.039539529160663736
picked-company,"*A Picked Company*,<br>(Periodical)",A Picked Company by (Periodical),hemingway-ernest,1921-12-28/1922-11-08,1921-12-28,1922-11-08,pearson,0.039539529160663736
white-gold,"*Gold*,<br> Stewart Edward White",Gold by  Stewart Edward White,hemingway-ernest,1924-03-28/1925-03-28,1924-03-28,1925-03-28,pearson,0.039539529160663736
george-bed-roses,"*A Bed of Roses*,<br> Walter Lionel George",A Bed of Roses by  Walter Lionel George,hemingway-ernest,1924-03-28/1925-03-28,1924-03-28,1925-03-28,pearson,0.039539529160663736
thoreau-essays-writings-henry,"*Essays and Other Writings of Henry Thoreau*,<br> Henry David Thoreau",Essays and Other Writings of Henry Thoreau by  Henry David Thoreau,hemingway-ernest,1924-03-28/1925-03-28,1924-03-28,1925-03-28,pearson,0.039539529160663736
bell-since-cezanne,"*Since Cézanne*,<br> Clive Bell",Since Cézanne by  Clive Bell,hemingway-ernest,1921-12-28/1922-11-08,1921-12-28,1922-11-08,pearson,0.039539529160663736
lindsay-daniel-jazz-poems,"*The Daniel Jazz and Other Poems*,<br> Vachel Lindsay",The Daniel Jazz and Other Poems by  Vachel Lindsay,hemingway-ernest,1921-12-28/1922-11-08,1921-12-28,1922-11-08,pearson,0.039539529160663736
austen-lady-susan,"*Lady Susan*,<br> Jane Austen",Lady Susan by  Jane Austen,hemingway-ernest,1924-03-28/1925-03-28,1924-03-28,1925-03-28,pearson,0.039539529160663736
wells-washington-hope-peace,"*Washington and the Hope of Peace*,<br> H. G. Wells",Washington and the Hope of Peace by  H. G. Wells,hemingway-ernest,1921-12-28/1922-11-08,1921-12-28,1922-11-08,pearson,0.039539529160663736
mencken-book-burlesques,"*A Book of Burlesques*,<br> H. L. Mencken",A Book of Burlesques by  H. L. Mencken,hemingway-ernest,1924-03-28/1925-03-28,1924-03-28,1925-03-28,pearson,0.039539529160663736
howells,"*Howells*,<br>(Periodical)",Howells by (Periodical),hemingway-ernest,1921-12-28/1922-11-08,1921-12-28,1922-11-08,pearson,0.039539529160663736
abercrombie-thomas-hardy-critical,"*Thomas Hardy: A Critical Study*,<br> Lascelles Abercrombie",Thomas Hardy: A Critical Study by  Lascelles Abercrombie,hemingway-ernest,1921-12-28/1922-11-08,1921-12-28,1922-11-08,pearson,0.039539529160663736
jameson-clash,"*The Clash*,<br> Storm Jameson",The Clash by  Storm Jameson,hemingway-ernest,1921-12-28/1922-11-08,1921-12-28,1922-11-08,pearson,0.039539529160663736
byron-lord-byrons-correspondence,"*Lord Byron's Correspondence*,<br> George Gordon Byron Byron",Lord Byron's Correspondence by  George Gordon Byron Byron,hemingway-ernest,1924-03-28/1925-03-28,1924-03-28,1925-03-28,pearson,0.039539529160663736
galsworthy-villa-rubein,"*Villa Rubein*,<br> John Galsworthy",Villa Rubein by  John Galsworthy,hemingway-ernest,1924-03-28/1925-03-28,1924-03-28,1925-03-28,pearson,0.039539529160663736
twain-mark-twains-autobiography,"*Mark Twain's Autobiography*,<br> Mark Twain",Mark Twain's Autobiography by  Mark Twain,hemingway-ernest,1924-03-28/1925-03-28,1924-03-28,1925-03-28,pearson,0.039539529160663736
jones-samuel-butler,"*Samuel Butler*,<br> Henry Festing Jones",Samuel Butler by  Henry Festing Jones,hemingway-ernest,1921-12-28/1922-11-08,1921-12-28,1922-11-08,pearson,0.039539529160663736
rhys-rabindranath-tagore-biographical,"*Rabindranath Tagore: A Biographical Study*,<br> Ernest Rhys",Rabindranath Tagore: A Biographical Study by  Ernest Rhys,hemingway-ernest,1921-12-28/1922-11-08,1921-12-28,1922-11-08,pearson,0.03856259309304352
percy-bysshe-shelley,"*Percy Bysshe Shelley*,<br>(Periodical)",Percy Bysshe Shelley by (Periodical),hemingway-ernest,1921-12-28/1922-11-08,1921-12-28,1922-11-08,pearson,0.037213275934032536
chesterton-heretics,"*Heretics*,<br> G. K. Chesterton",Heretics by  G. K. Chesterton,hemingway-ernest,1921-12-28/1922-11-08,1921-12-28,1922-11-08,pearson,0.035684107111665246
carr-philosophy-benedetto-croce,"*The Philosophy of Benedetto Croce: The Problem of Art and History*,<br> Herbert Wildon Carr",The Philosophy of Benedetto Croce: The Problem of Art and History by  Herbert Wildon Carr,hemingway-ernest,1924-03-28/1925-03-28,1924-03-28,1925-03-28,pearson,0.03388724161552601
babbitt-criticism-america-function,"*Criticism in America: Its Function and Status*,<br>(Periodical)",Criticism in America: Its Function and Status by (Periodical),hemingway-ernest,1924-03-28/1925-03-28,1924-03-28,1925-03-28,pearson,0.03388724161552601
fitzgerald-side-paradise,"*This Side of Paradise*,<br> F. Scott Fitzgerald",This Side of Paradise by  F. Scott Fitzgerald,hemingway-ernest,1921-12-28/1922-11-08,1921-12-28,1922-11-08,pearson,0.032139499341257094
du-bois-darkwater,"*Darkwater: Voices from within the Veil*,<br> W. E. B. Du Bois",Darkwater: Voices from within the Veil by  W. E. B. Du Bois,hemingway-ernest,1921-12-28/1922-11-08,1921-12-28,1922-11-08,pearson,0.03109151284840951
swinnerton-casement,"*The Casement*,<br> Frank Swinnerton",The Casement by  Frank Swinnerton,hemingway-ernest,1924-03-28/1925-03-28,1924-03-28,1925-03-28,pearson,0.030012860091750387
stevenson-virginibus-puerisque-papers,"*Virginibus Puerisque and Other Papers*,<br> Robert Louis Stevenson",Virginibus Puerisque and Other Papers by  Robert Louis Stevenson,hemingway-ernest,1921-12-28/1922-11-08,1921-12-28,1922-11-08,pearson,0.029234024460296028
shakespeare-shakespeare,"*Shakespeare*,<br> William Shakespeare",Shakespeare by  William Shakespeare,hemingway-ernest,1921-12-28/1922-11-08,1921-12-28,1922-11-08,pearson,0.028509314538118082
graves-english-poetry-irregular,"*On English Poetry: Being an Irregular Approach to the Psychology of This Art, from Evidence Mainly Subjective*,<br> Robert Graves","On English Poetry: Being an Irregular Approach to the Psychology of This Art, from Evidence Mainly Subjective by  Robert Graves",hemingway-ernest,1924-03-28/1925-03-28,1924-03-28,1925-03-28,pearson,0.027439949130183987
sinnett-growth-soul,"*The Growth of the Soul*,<br> A. P. Sinnett",The Growth of the Soul by  A. P. Sinnett,hemingway-ernest,1921-12-28/1922-11-08,1921-12-28,1922-11-08,pearson,0.026095235793821715
wharton-house-mirth,"*The House of Mirth*,<br> Edith Wharton",The House of Mirth by  Edith Wharton,hemingway-ernest,1924-03-28/1925-03-28,1924-03-28,1925-03-28,pearson,0.025471819222380076
mencken-american-language,"*The American Language*,<br> H. L. Mencken",The American Language by  H. L. Mencken,hemingway-ernest,1921-12-28/1922-11-08,1921-12-28,1922-11-08,pearson,0.02466340372576836
nock-freeman,"*The Freeman*,<br>(Periodical)",The Freeman by (Periodical),hemingway-ernest,1921-12-28/1922-11-08,1921-12-28,1922-11-08,pearson,0.02401672292208529
corkery-munster-twilight,"*A Munster Twilight*,<br> Daniel Corkery",A Munster Twilight by  Daniel Corkery,hemingway-ernest,1924-03-28/1925-03-28,1924-03-28,1925-03-28,pearson,0.023660122522958776
gogol-overcoat-stories,"*The Overcoat and Other Stories*,<br> Nikolai Gogol",The Overcoat and Other Stories by  Nikolai Gogol,hemingway-ernest,1924-03-28/1925-03-28,1924-03-28,1925-03-28,pearson,0.023416034396733305
dunsany-fifty-one-tales,"*Fifty-One Tales*,<br> Lord Dunsany",Fifty-One Tales by  Lord Dunsany,hemingway-ernest,1921-12-28/1922-11-08,1921-12-28,1922-11-08,pearson,0.0233549531456864
eastman-enjoyment-poetry,"*Enjoyment of Poetry*,<br> Max Eastman",Enjoyment of Poetry by  Max Eastman,hemingway-ernest,1921-12-28/1922-11-08,1921-12-28,1922-11-08,pearson,0.022647042568459924
fielding-history-tom-jones,"*The History of Tom Jones, a Foundling*,<br> Henry Fielding","The History of Tom Jones, a Foundling by  Henry Fielding",hemingway-ernest,1921-12-28/1922-11-08,1921-12-28,1922-11-08,pearson,0.0
morris-specimens-early-english,"*Specimens of Early English*,<br>(Periodical)",Specimens of Early English by (Periodical),hemingway-ernest,1921-12-28/1922-11-08,1921-12-28,1922-11-08,pearson,0.0
pound-instigations-ezra-pound,"*Instigations of Ezra Pound: Together with an Essay on the Chinese Written Character, by Ernest Fenollosa*,<br> Ernest  Ezra;Fenollosa Pound","Instigations of Ezra Pound: Together with an Essay on the Chinese Written Character, by Ernest Fenollosa by  Ernest  Ezra;Fenollosa Pound",hemingway-ernest,1921-12-28/1922-11-08,1921-12-28,1922-11-08,pearson,0.0
richmond-times-literary-supplement,"*The Times Literary Supplement*,<br>(Periodical)",The Times Literary Supplement by (Periodical),hemingway-ernest,1921-12-28/1922-11-08,1921-12-28,1922-11-08,pearson,0.0
shaw-unsocial-socialist,"*An Unsocial Socialist*,<br> George Bernard Shaw",An Unsocial Socialist by  George Bernard Shaw,hemingway-ernest,1921-12-28/1922-11-08,1921-12-28,1922-11-08,pearson,0.0
ingram-true-chatterton-new,"*The True Chatterton: A New Study from Original Documents*,<br> John Henry Ingram",The True Chatterton: A New Study from Original Documents by  John Henry Ingram,hemingway-ernest,1924-03-28/1925-03-28,1924-03-28,1925-03-28,pearson,0.0
goethe,"*Goethe*,<br>(Periodical)",Goethe by (Periodical),hemingway-ernest,1924-03-28/1925-03-28,1924-03-28,1925-03-28,pearson,0.0
